ID,y
1,91.646126
2,90.72073
3,91.77097
4,91.37406
5,94.844734
8,92.165504
10,93.26212
11,92.126274
12,92.84594
14,97.16222
15,93.24018
16,94.21821
17,90.49236
19,90.592476
20,89.79067
21,90.325325
22,93.7035
23,90.51106
26,93.71453
28,94.30279
29,90.51106
33,90.51106
35,91.34275
41,89.642204
42,90.71987
43,91.79568
45,90.631386
46,99.14797
51,90.55528
53,93.67861
55,93.820656
56,92.86083
57,93.945786
58,91.79186
59,93.45045
63,93.03078
64,92.202675
65,88.59217
69,89.20726
71,93.060394
72,93.997086
73,90.68503
76,93.49473
77,91.14501
78,91.44703
82,90.48813
83,88.59217
84,93.713394
85,91.684525
87,90.505844
88,89.642204
89,90.32223
91,90.56771
93,93.18709
94,94.59939
95,92.10333
96,96.84555
97,91.21444
98,93.40045
99,93.28214
101,94.09254
103,90.32223
104,88.6874
105,93.58489
110,92.47853
111,92.16175
113,96.86753
114,91.342415
115,96.714935
117,90.32223
120,94.25124
121,92.69581
122,91.5149
123,95.403145
126,91.13897
132,92.8147
135,94.22345
137,96.68319
138,87.408585
140,93.07447
142,97.08332
144,92.297485
148,92.45322
149,87.71197
155,87.98389
156,90.67732
157,91.21444
162,95.34248
163,91.24183
167,93.08697
172,91.79568
179,94.5998
180,91.75315
181,94.73504
182,91.192665
183,90.32223
185,90.32223
187,92.96383
188,90.79224
189,90.983444
191,92.2153
192,93.12211
193,91.871086
194,92.27093
195,91.20435
196,90.45815
198,98.2951
199,92.084785
201,88.7766
204,88.13798
205,92.42778
206,96.53553
210,93.754875
211,94.09254
216,95.796715
219,91.70342
220,89.130165
221,94.26035
226,94.73504
227,92.66622
228,92.01808
230,92.07131
231,91.21444
235,92.46102
236,91.21608
238,90.49167
242,98.23263
243,94.10146
244,92.69378
245,91.04785
247,93.70374
248,92.53217
249,90.806595
250,93.376526
251,91.21608
253,92.46102
254,89.01902
256,90.42417
257,92.44407
258,92.24037
259,93.04215
262,88.79923
266,91.87696
267,93.68556
272,90.66715
273,90.32223
275,88.28414
276,92.92019
279,92.142265
280,88.59217
283,90.23914
285,95.79477
288,90.32223
289,91.62086
290,87.99057
291,93.541534
292,95.03336
293,92.40879
296,88.348976
297,93.78953
298,91.00035
299,90.16605
304,87.90629
305,87.98096
306,90.501755
307,91.587746
311,95.65808
313,91.878456
314,92.29057
316,93.94182
324,92.30342
327,92.56126
329,87.39207
330,91.693886
337,91.52147
338,91.78939
339,88.84176
340,93.355125
343,89.89231
345,91.66917
346,90.70008
347,93.25977
349,97.53009
350,92.91634
352,90.31524
353,92.380196
354,90.41157
357,90.18424
358,95.46879
362,93.441505
364,94.60243
365,93.88703
366,92.918236
367,93.217766
368,87.36698
370,91.20896
373,91.37706
377,95.30695
378,91.9704
382,93.12157
384,91.839745
390,92.16769
392,93.6589
393,91.81171
395,90.174355
396,91.74573
399,90.76391
406,91.878456
408,91.878456
409,88.48769
410,87.56714
412,93.555885
413,89.679276
419,91.5926
420,98.32337
421,90.17385
430,92.796684
434,90.16085
436,90.24111
437,91.568
438,89.83186
439,91.97381
440,92.601906
443,90.3303
446,87.84315
448,90.53652
452,90.23409
453,93.46529
457,88.47586
458,91.092186
459,92.19921
460,94.102715
462,93.665535
464,92.15974
465,91.31805
467,93.43369
471,90.47503
472,88.26892
473,98.66244
475,87.846855
480,93.94999
488,90.5053
490,91.587746
491,94.45112
492,90.65785
493,90.1722
497,91.27154
498,93.43047
499,89.506775
500,98.96125
501,90.926384
502,93.419365
506,93.136986
510,92.24534
511,88.287636
512,87.33112
516,90.125114
518,94.02885
519,96.745285
521,91.09885
522,93.33373
526,93.153046
529,92.595795
532,93.11787
533,90.05199
536,89.96897
537,94.20399
539,89.97827
540,94.4062
541,88.38481
543,90.25622
546,93.393936
547,91.05569
548,90.58331
551,90.10673
552,92.03201
556,91.45984
557,90.43928
558,93.217766
559,90.24846
560,94.31276
562,90.33552
566,90.96102
570,93.43047
571,91.568
572,88.2579
573,91.90423
575,91.31805
576,97.718315
577,92.93906
579,90.4708
580,92.382866
581,91.28058
589,91.587746
591,92.95673
593,90.43296
594,95.90511
595,91.03066
598,90.42036
602,94.608345
604,90.36118
606,101.881355
608,93.0876
609,93.81051
610,90.32418
616,97.24484
617,90.4497
618,92.247856
620,93.33009
622,87.45955
623,91.14057
624,91.04025
626,93.335
628,93.18357
629,91.02683
630,91.88929
637,91.84367
638,89.15928
643,93.86149
645,93.94999
646,98.01011
648,90.35114
652,94.819786
653,94.595985
654,93.43047
656,93.356186
657,97.48701
659,87.79952
660,92.42051
663,92.38981
664,93.80213
666,98.752266
668,95.263824
669,91.38194
671,90.257545
675,90.14359
677,94.436455
678,91.36388
679,90.4209
682,92.56218
685,94.507805
687,87.03417
688,88.75743
693,94.11355
696,92.714325
698,93.3972
701,91.59403
704,92.60153
705,91.72804
709,95.381935
710,90.516106
711,90.436424
712,93.90885
714,92.9692
715,92.40491
716,91.50727
717,88.0013
720,91.55778
721,91.93456
724,93.51016
725,90.44794
726,95.21957
728,90.37374
731,93.927345
734,94.30891
738,88.74966
745,91.51583
746,90.482666
751,87.88447
754,92.5877
756,94.697624
758,94.60679
759,95.85342
761,94.43183
766,90.57986
767,98.80685
768,91.060165
769,87.16083
770,96.071236
771,90.58841
772,93.28636
773,91.91329
774,91.96923
776,91.79536
777,98.57186
780,91.31455
782,94.36593
787,91.41932
788,89.88284
792,92.637215
793,93.347786
798,92.53416
800,90.96647
806,91.50727
809,95.473404
811,91.935295
812,92.8426
814,91.21517
816,91.79547
817,90.19738
818,102.48436
820,96.13657
823,92.7871
829,93.37229
830,92.405174
831,94.41979
834,94.803085
839,90.11382
841,91.91773
844,93.73557
845,89.98446
848,87.83578
850,98.13148
851,91.95455
852,92.55941
854,91.05624
855,91.69155
856,91.47256
859,90.43151
861,91.96923
864,95.94658
865,95.22919
866,92.71659
867,96.03427
869,92.51557
871,95.017525
872,91.50727
882,93.83916
883,90.064026
885,91.38113
888,91.03599
893,94.569435
901,93.37838
903,94.40995
904,90.132034
905,90.33727
910,91.81014
911,92.37228
914,92.38706
918,89.18863
921,92.69295
928,89.999
929,91.96641
932,92.89712
933,93.81469
934,91.81014
935,93.363976
937,90.8115
939,90.07341
940,95.2582
941,90.00788
942,91.99539
943,93.27011
944,92.43149
947,91.50727
949,93.460915
951,95.84133
952,93.37359
953,94.40995
954,90.21967
957,91.84005
959,93.28286
960,95.5525
963,91.21517
965,91.50727
967,99.48431
971,89.807144
972,88.75979
973,93.485435
974,90.14106
975,92.02825
978,94.59718
980,91.972916
981,89.59406
984,94.14321
986,91.81014
988,91.060165
989,94.81399
990,92.46191
992,93.37838
996,93.850555
999,96.1269
1000,91.07923
1001,95.22919
1002,91.04847
1003,91.79536
1004,89.77849
1008,95.62014
1009,92.60679
1010,93.73757
1012,92.3267
1013,92.60691
1014,90.75733
1015,91.763115
1016,93.317184
1019,92.367805
1020,94.63354
1021,91.81014
1022,92.56771
1024,91.81014
1025,89.35421
1027,91.2096
1028,90.42582
1029,91.29891
1030,92.63263
1033,90.146324
1036,97.470375
1037,93.130486
1038,91.30236
1042,90.07341
1043,95.59319
1044,90.14213
1045,92.35184
1047,92.56452
1050,90.044426
1051,91.49601
1054,90.97341
1056,89.59406
1057,89.92553
1059,93.37214
1062,90.503426
1063,92.258095
1064,89.59406
1066,92.20337
1070,97.390976
1076,92.36279
1077,93.47876
1078,93.15482
1080,92.57221
1082,93.292564
1083,90.85037
1089,91.03791
1091,91.636765
1093,87.52932
1097,90.759575
1099,91.511696
1101,92.26058
1103,92.36158
1104,92.78091
1106,94.26963
1109,92.41769
1110,94.39292
1111,92.740746
1112,91.742546
1114,90.67857
1116,88.91801
1117,95.82473
1120,93.02935
1124,94.24154
1125,90.82231
1126,93.84572
1134,93.537254
1137,90.8829
1138,92.838936
1144,93.18043
1145,91.51989
1146,92.59212
1148,92.36007
1150,93.421974
1152,94.210045
1153,104.30105
1154,96.32986
1155,90.92746
1157,93.37384
1162,90.60754
1165,92.14723
1166,91.817314
1167,92.653534
1168,93.08343
1169,90.74279
1171,92.610054
1172,90.7526
1173,90.74279
1174,90.88975
1176,91.02261
1177,90.65171
1178,90.67274
1182,90.60623
1186,94.30253
1187,94.07499
1188,90.93348
1189,91.94097
1191,91.584694
1192,90.09878
1197,95.98582
1198,91.03542
1200,90.48873
1201,90.93142
1203,92.10996
1209,91.848305
1214,94.30492
1218,95.99895
1222,92.580124
1226,92.2757
1228,92.25112
1230,92.58254
1232,89.41382
1233,93.92219
1236,93.000015
1238,91.40608
1241,93.18043
1244,92.417244
1246,91.47571
1247,92.36642
1250,95.96328
1251,91.55661
1254,91.62376
1255,90.53751
1256,92.016045
1257,88.90775
1258,96.118835
1259,93.083565
1260,92.22637
1263,94.266464
1267,91.625175
1268,90.93345
1271,93.538216
1272,94.80042
1274,97.2234
1275,90.60754
1276,91.9903
1277,90.49101
1279,92.59212
1281,96.93217
1282,90.93348
1283,92.45678
1285,90.79753
1286,90.20369
1289,93.16531
1296,87.43116
1299,94.3061
1301,94.24665
1306,91.86509
1307,92.22614
1308,96.688805
1313,91.9903
1314,92.06699
1315,94.39292
1316,90.714485
1317,92.28175
1319,87.54301
1323,94.2912
1324,96.587616
1325,90.41219
1328,103.48234
1329,90.09892
1330,92.40691
1331,94.3676
1332,93.84391
1337,100.733025
1338,92.466965
1339,91.54516
1340,92.774506
1343,91.18251
1347,92.24622
1348,89.588554
1349,93.22367
1352,92.111145
1354,90.16462
1359,90.00079
1360,91.65414
1363,91.61699
1364,92.5992
1365,92.28556
1366,94.01418
1372,90.29431
1375,91.16532
1376,89.63657
1378,90.42464
1379,93.71234
1380,91.66545
1381,90.31161
1384,93.45159
1387,93.84169
1388,95.22018
1392,91.06809
1394,90.71247
1395,96.23091
1396,91.62829
1398,88.40208
1399,91.62829
1400,93.047455
1401,87.70536
1403,87.068436
1404,93.1168
1406,91.62829
1407,89.58183
1408,93.79667
1410,90.76136
1412,91.33962
1413,86.91698
1415,91.128586
1420,93.79667
1422,95.62318
1423,92.99967
1424,93.79667
1425,91.928535
1426,90.76136
1427,91.89264
1429,94.11674
1430,93.04412
1431,91.602554
1432,95.830574
1434,98.76551
1437,89.57471
1438,93.3621
1440,93.08167
1441,93.19718
1442,89.94329
1444,90.17153
1445,89.83931
1446,94.66462
1448,88.68718
1453,88.97079
1454,91.33962
1455,89.516525
1456,96.37028
1458,91.33962
1459,90.529236
1461,91.92713
1465,93.84169
1466,94.54035
1469,93.81562
1472,88.97079
1474,90.87351
1477,90.03863
1479,93.14592
1482,98.008934
1483,88.479515
1487,90.95742
1488,93.149956
1490,90.08181
1492,92.16262
1494,93.16823
1496,91.1841
1497,91.59211
1499,90.77021
1502,93.299866
1507,96.609726
1508,92.111145
1509,94.955666
1511,90.361916
1512,90.60666
1513,89.99058
1514,90.85519
1518,90.08275
1519,90.08182
1522,92.85255
1524,91.73072
1527,89.94329
1529,89.33757
1532,92.95571
1536,91.78318
1537,90.994286
1539,87.28774
1542,92.24705
1543,89.63657
1544,93.6386
1545,90.38488
1550,89.51994
1551,93.82634
1554,92.67797
1556,93.55032
1559,88.26063
1560,88.5448
1562,93.0321
1566,90.07978
1567,90.005226
1569,92.191696
1570,90.88581
1571,92.177574
1574,92.111145
1578,94.2749
1580,92.498604
1583,94.563644
1584,92.111145
1585,91.279396
1586,99.50109
1587,91.70355
1588,90.77292
1590,89.628265
1592,95.16701
1596,96.7471
1598,96.22795
1599,89.69816
1604,99.50353
1606,98.10816
1607,86.91698
1608,91.623055
1609,91.69935
1611,88.04547
1613,91.33787
1616,93.70307
1619,96.2703
1620,94.00473
1621,91.35407
1622,92.22889
1625,93.223854
1627,91.69935
1629,94.56659
1634,94.580055
1636,89.785225
1638,93.137375
1639,93.32387
1641,93.425125
1643,96.24345
1644,93.34979
1645,91.08802
1646,94.812996
1647,90.394554
1648,89.97158
1652,92.498604
1653,90.11176
1656,88.55226
1658,89.69816
1659,91.77359
1661,94.47267
1663,86.91698
1664,93.00347
1665,91.50071
1666,93.55032
1667,92.36663
1668,87.67569
1669,89.92556
1670,96.302315
1672,91.84194
1674,90.5183
1677,93.149956
1678,89.40828
1679,95.46659
1680,93.49076
1683,91.90779
1686,91.97907
1687,93.43482
1689,92.91419
1690,86.98998
1691,91.32387
1692,90.22518
1693,92.111145
1695,89.74257
1696,88.97079
1697,91.46304
1700,93.55032
1701,90.29871
1702,91.75696
1703,89.23969
1704,94.25935
1706,89.85987
1707,93.968346
1708,89.21125
1710,92.22024
1711,90.12089
1713,93.91108
1717,91.83866
1719,94.2749
1720,89.692184
1722,91.78112
1725,92.3783
1726,90.034706
1727,95.99058
1729,92.58799
1730,90.43752
1731,94.41115
1733,93.55032
1734,91.80082
1735,95.62318
1738,91.33787
1742,91.31965
1745,90.5183
1747,90.39558
1749,89.64086
1751,92.0736
1752,88.536064
1753,90.92577
1754,90.09949
1755,87.72474
1756,88.213425
1758,90.83303
1759,89.62353
1760,87.55663
1761,92.97027
1762,90.110985
1763,90.14233
1764,92.16599
1766,90.99502
1768,89.72313
1769,90.90061
1771,92.26443
1772,90.16161
1773,90.41535
1774,90.37022
1775,93.42729
1777,95.4562
1779,89.62353
1780,88.094826
1787,89.38061
1788,90.75512
1790,89.54841
1796,91.80398
1801,93.677895
1803,93.56516
1807,91.81523
1809,92.140785
1812,92.36564
1813,88.67215
1814,94.62713
1815,98.7438
1816,87.62153
1818,93.33915
1820,88.1785
1821,92.51441
1822,89.94468
1825,91.490875
1826,90.19488
1828,89.353966
1831,94.48315
1836,91.44236
1837,90.13706
1841,91.02589
1844,93.41509
1848,92.089836
1851,87.40887
1852,90.906334
1853,90.31814
1854,91.928085
1856,92.01151
1859,90.237595
1860,90.0753
1861,89.01815
1863,90.39289
1865,89.93739
1866,88.03887
1867,96.2582
1868,89.61385
1872,91.91552
1879,93.32122
1880,91.30915
1882,91.890175
1885,91.996124
1887,94.43755
1888,87.95333
1890,86.878395
1894,90.15107
1895,94.88368
1896,90.56971
1897,91.91262
1900,90.1895
1901,88.36912
1902,90.444595
1905,92.29458
1906,99.34767
1912,94.373695
1915,91.83668
1916,93.22851
1917,89.55393
1918,90.20139
1920,92.02503
1923,92.51231
1924,89.798935
1925,90.15443
1930,91.85577
1932,91.73623
1933,93.82836
1934,92.73144
1935,88.786156
1940,90.91758
1941,89.64144
1942,93.375465
1943,89.40806
1944,93.61146
1945,89.891075
1948,91.13504
1949,87.32354
1952,92.038216
1954,92.19028
1955,93.84293
1958,91.4377
1959,95.34869
1960,90.14233
1963,90.05239
1965,90.34213
1968,88.79145
1969,92.67083
1971,90.44995
1972,92.276085
1973,90.271706
1975,89.53335
1977,98.365486
1978,87.426956
1979,93.23045
1981,89.53405
1982,94.72732
1987,93.29835
1988,90.169136
1993,93.789154
1997,90.362465
1999,89.57886
2001,91.41152
2002,93.612144
2003,91.08344
2004,87.64968
2006,93.306435
2007,88.16178
2009,87.549
2010,91.62559
2013,96.32513
2018,90.555046
2022,91.16337
2024,91.90924
2025,94.26986
2026,93.58261
2030,88.2615
2031,90.37551
2032,94.373695
2033,93.90644
2035,93.09435
2036,93.222275
2037,92.24116
2040,91.85809
2043,90.53486
2044,87.485855
2046,98.42818
2054,89.81782
2055,91.277664
2056,88.094826
2059,92.1289
2060,88.36912
2062,92.72087
2063,96.81511
2066,90.15107
2067,93.39745
2072,87.783195
2073,93.03797
2074,92.698906
2075,91.530785
2076,92.4118
2080,90.64686
2082,88.36912
2085,93.08331
2087,90.353424
2091,102.527565
2092,96.26484
2093,88.094826
2098,90.69544
2101,90.14233
2102,91.45981
2103,90.91758
2105,87.24923
2106,91.85764
2107,92.75756
2110,90.05462
2114,88.92237
2115,93.37794
2117,93.0537
2118,90.10424
2119,93.22874
2120,90.871895
2122,94.09311
2123,90.26508
2126,91.51773
2127,92.12071
2128,91.07148
2129,98.22263
2132,90.43112
2135,93.66767
2138,92.94857
2139,91.85577
2141,102.107414
2142,94.277245
2146,93.18897
2151,94.73014
2157,92.67893
2159,91.71659
2162,90.43811
2164,94.83414
2167,93.36262
2168,92.44106
2171,97.202705
2173,90.73139
2174,92.56301
2175,90.17667
2178,90.340965
2180,91.51495
2185,93.19639
2189,91.63416
2190,93.543724
2192,94.222404
2194,98.26295
2200,91.64062
2201,92.77238
2203,93.54461
2204,95.40174
2205,90.2362
2209,96.59667
2213,92.1581
2214,94.48353
2215,95.43563
2216,95.31231
2218,91.18026
2219,92.16459
2220,91.87888
2222,92.29287
2223,92.66508
2225,93.0799
2226,92.4435
2230,94.88171
2233,97.62803
2234,93.08448
2235,95.40174
2236,88.71047
2237,90.467064
2240,91.97434
2241,91.51015
2248,93.29641
2249,94.65893
2250,91.383934
2252,92.59254
2253,87.84123
2254,92.89299
2256,89.389854
2258,88.22722
2259,92.258644
2262,90.25109
2265,89.986374
2266,93.80906
2269,95.67518
2271,91.71542
2273,91.08526
2274,90.503105
2275,92.56243
2277,91.65342
2279,95.40174
2280,88.61145
2282,91.51495
2283,94.52128
2288,91.32134
2289,96.48493
2291,91.30341
2292,91.64386
2297,91.772835
2298,90.31832
2299,88.2494
2300,95.21383
2301,91.33191
2304,91.48132
2305,95.07515
2306,90.25109
2308,92.11068
2309,91.131165
2311,94.37292
2312,91.834564
2316,92.71665
2321,90.303185
2322,96.759514
2325,92.55066
2326,91.7975
2329,91.64386
2330,96.32391
2331,90.419655
2332,93.22814
2333,90.25109
2334,96.86088
2335,91.61569
2337,97.15932
2338,93.66253
2340,93.22814
2342,89.40232
2345,89.402
2349,92.102
2351,88.72346
2352,91.29789
2354,93.621796
2355,96.70666
2357,93.0799
2358,88.21072
2360,92.20452
2361,93.621796
2364,90.19081
2366,95.141205
2369,93.27178
2370,91.90838
2371,94.75671
2373,94.971886
2374,94.08545
2376,91.84358
2378,92.6849
2382,91.66294
2383,90.227974
2386,99.87078
2387,90.8359
2389,97.246574
2390,96.4333
2392,90.68162
2398,93.22814
2399,91.32084
2400,88.72095
2401,93.496315
2402,91.10222
2404,88.30356
2407,92.81738
2408,90.756966
2409,98.41194
2412,95.264946
2413,95.50779
2415,90.279045
2420,97.44993
2422,93.47163
2423,91.53193
2426,89.675316
2432,90.23509
2434,95.570854
2435,91.697014
2436,95.611626
2438,92.7163
2440,92.14138
2443,92.504135
2444,88.65668
2447,93.29641
2450,87.15442
2454,93.44992
2455,95.56086
2459,90.25109
2460,90.38964
2463,93.53014
2465,92.15879
2468,91.115974
2469,91.209755
2474,91.07862
2478,92.82966
2480,87.40374
2481,91.97434
2489,91.51495
2490,88.43924
2492,88.94625
2496,90.25109
2497,91.16433
2500,90.169304
2505,91.94457
2507,93.49115
2508,90.2362
2509,90.45747
2510,87.93499
2513,89.554695
2515,91.51495
2518,90.227974
2519,95.47909
2520,90.227974
2521,88.09069
2523,91.07824
2525,89.83402
2529,89.87626
2530,90.353134
2533,93.83335
2535,92.73856
2538,88.23368
2544,96.3498
2553,92.94129
2556,90.36764
2558,89.3158
2559,102.115654
2560,92.250755
2561,92.36297
2562,90.79802
2563,93.05865
2564,91.168625
2565,97.59501
2567,92.80828
2572,86.97134
2575,89.286
2576,91.764534
2577,40.88324
2578,41.10013
2579,53.066948
2580,42.460884
2582,41.81156
2583,42.308167
2587,93.90467
2589,92.69277
2590,94.431496
2591,89.87626
2594,87.43467
2597,91.90537
2598,94.29217
2599,91.63739
2600,93.04891
2602,95.86103
2603,86.97134
2604,87.967415
2606,92.32128
2607,88.46044
2608,87.69369
2613,89.95498
2614,87.69337
2615,93.18415
2617,93.237885
2620,92.78114
2623,90.29804
2624,88.87418
2627,89.95498
2629,88.46044
2630,91.60423
2632,90.46743
2636,88.4896
2639,96.297585
2640,95.18412
2642,89.87626
2644,93.586464
2646,92.04905
2647,87.87507
2649,90.99274
2650,92.27824
2652,93.587105
2653,89.62541
2655,93.72654
2657,93.02674
2659,91.661995
2662,89.24354
2663,91.782906
2664,92.96747
2665,92.400764
2670,92.11079
2671,94.23086
2672,91.14091
2675,93.587105
2677,94.20551
2679,92.28227
2683,93.1217
2684,88.486946
2685,92.47906
2688,91.88047
2689,96.477646
2690,94.20827
2693,91.73159
2694,88.94907
2697,95.69416
2699,93.61024
2703,88.19785
2705,91.3561
2709,90.26982
2710,92.738815
2711,99.9844
2712,91.77465
2713,99.174736
2714,89.54993
2715,96.45376
2717,91.04942
2718,96.29503
2720,94.89416
2721,90.75903
2726,92.32964
2728,91.45576
2731,94.54602
2732,92.57952
2734,87.949554
2736,97.383446
2737,91.99517
2738,91.62413
2739,89.83184
2746,90.93647
2749,91.78107
2751,91.13254
2752,93.76224
2753,90.68296
2757,87.47694
2758,93.64637
2759,94.83231
2760,91.797424
2762,95.17742
2764,92.050224
2765,95.73488
2769,92.39615
2771,98.706
2774,88.07078
2776,95.27498
2777,92.458595
2778,88.29575
2779,91.84286
2782,92.317154
2784,91.04455
2787,92.14416
2789,88.95519
2792,90.22248
2798,86.96855
2799,98.46489
2800,91.52972
2801,87.333916
2802,88.93261
2804,93.331795
2807,92.315956
2808,90.28072
2809,98.821205
2811,90.80672
2812,89.5416
2814,90.75569
2816,93.37974
2817,92.29798
2818,92.247894
2820,91.54081
2821,93.981026
2822,92.10628
2823,90.31769
2824,91.059044
2826,92.457794
2829,88.259995
2834,95.10938
2835,93.22065
2838,90.294914
2839,93.8142
2840,91.57641
2841,95.09086
2842,90.10107
2846,94.03944
2848,92.23696
2849,93.77445
2850,89.54993
2851,89.91223
2853,96.54361
2854,89.87626
2858,95.21047
2861,91.622536
2864,88.706154
2865,91.782906
2866,97.58553
2867,92.72408
2868,90.26807
2870,96.480934
2877,96.5134
2878,89.95498
2880,91.2339
2882,87.91397
2883,89.82871
2884,92.31184
2885,93.32485
2887,91.36025
2888,96.40034
2889,89.77571
2890,94.691956
2891,96.83671
2892,93.22973
2893,87.80622
2898,93.14396
2899,99.657104
2900,92.6249
2901,89.260704
2909,93.0236
2910,93.890915
2911,92.03751
2913,90.87765
2914,90.34163
2918,87.64207
2919,93.86224
2920,89.861015
2921,89.95498
2922,87.63105
2923,90.541435
2925,92.64448
2926,91.4967
2927,90.139915
2929,90.10767
2933,92.11532
2934,89.98883
2936,89.806114
2941,96.51034
2942,90.747955
2943,90.114494
2945,93.55392
2950,89.54079
2951,92.21232
2953,92.47
2954,92.07607
2955,95.45974
2956,89.714485
2960,90.017456
2962,87.857216
2963,94.58773
2964,94.6878
2966,88.29066
2967,88.24266
2968,89.56173
2969,89.43171
2971,88.07936
2972,91.55557
2974,100.47714
2975,91.64981
2977,93.185585
2980,95.18514
2981,91.463776
2983,93.38099
2984,91.401474
2985,91.34414
2986,88.94638
2987,91.55557
2989,91.68528
2990,96.37839
2991,91.432655
2992,90.78321
2995,95.69254
2996,92.06671
3002,93.50837
3004,93.41369
3005,94.313416
3006,90.128426
3010,93.640366
3011,96.51678
3014,91.48822
3015,91.79223
3016,89.601326
3017,93.716225
3018,92.07108
3021,92.45756
3024,94.288795
3028,90.02842
3030,88.288734
3032,90.19332
3039,90.457726
3040,93.47253
3041,90.78878
3043,89.62384
3044,93.31728
3046,91.49288
3055,89.87066
3056,92.4208
3058,90.15514
3059,99.27571
3061,91.02908
3063,92.32229
3066,96.21874
3067,94.288795
3068,87.46435
3069,90.75222
3072,91.60688
3073,91.86131
3074,90.51954
3077,91.75593
3082,90.60589
3084,95.69254
3085,89.71027
3088,93.5791
3091,89.85019
3092,92.179726
3093,88.467674
3094,94.54357
3096,92.683945
3097,90.4695
3098,90.30552
3102,90.487946
3106,90.71055
3109,87.51577
3111,95.41503
3112,94.313416
3113,89.24517
3115,87.68551
3116,91.85461
3117,91.43511
3121,90.85183
3122,93.51121
3123,89.9593
3124,88.172585
3125,89.601326
3126,93.45675
3127,91.36111
3129,89.53733
3130,98.939415
3132,88.91456
3134,91.407646
3135,91.23966
3137,87.87475
3138,90.16097
3140,90.853165
3144,87.924126
3145,90.02534
3146,93.180305
3147,89.29575
3148,91.85883
3149,93.05712
3150,93.35538
3151,88.14216
3152,96.20231
3155,96.86675
3156,89.54417
3159,92.04162
3161,92.53987
3162,93.26177
3163,91.70199
3165,92.26655
3172,93.52157
3173,93.8083
3176,94.36176
3177,91.127266
3179,91.64981
3183,96.37664
3186,92.29807
3187,93.46452
3189,92.93639
3190,87.480255
3192,91.36111
3193,93.52157
3194,91.00643
3197,93.260414
3198,89.47205
3200,90.84687
3201,90.94764
3202,89.47205
3204,91.81278
3205,89.54973
3206,87.64947
3208,93.05605
3210,92.45569
3211,100.46108
3212,91.02908
3213,91.594475
3214,90.13741
3216,94.686516
3219,89.73936
3220,96.58238
3221,89.24517
3226,98.307
3227,97.02114
3228,90.540596
3229,87.80721
3232,90.80051
3233,90.34649
3234,91.172806
3236,90.21552
3238,91.38936
3239,92.98235
3240,93.71939
3247,93.17787
3249,91.04673
3252,94.28716
3253,91.97437
3254,93.35912
3255,93.17869
3256,94.004326
3257,90.43263
3262,92.09899
3263,93.57975
3264,89.714485
3266,95.369705
3267,92.28727
3269,96.336815
3272,91.34414
3274,93.260414
3275,94.69226
3277,93.322044
3279,88.44123
3280,91.41416
3283,87.57756
3285,91.35575
3287,92.9786
3288,94.288795
3290,91.37527
3291,90.663536
3298,93.04348
3299,89.96278
3302,93.67594
3303,88.04165
3304,91.12989
3307,92.41688
3309,90.23342
3314,87.53451
3316,90.09681
3317,91.85938
3319,90.25719
3320,93.2449
3321,89.53696
3322,94.44543
3324,90.285034
3326,88.476845
3329,91.80741
3330,91.16244
3331,93.24128
3335,93.224884
3337,93.06628
3338,93.10694
3339,90.2162
3340,93.23088
3341,91.362045
3343,90.63368
3346,91.61569
3348,90.518616
3351,94.35166
3352,91.57224
3355,89.58976
3356,92.39002
3358,90.94059
3359,90.95234
3360,88.10766
3371,87.31875
3372,90.31434
3374,89.98187
3377,92.13102
3378,91.241234
3380,90.234856
3382,92.37559
3386,90.04348
3389,88.95814
3391,95.64356
3393,93.19012
3394,93.3656
3395,90.118675
3397,90.09109
3398,90.15978
3399,92.86184
3400,90.16562
3404,91.91828
3407,92.99734
3409,93.655556
3419,93.08532
3421,87.73069
3425,87.271866
3427,92.175606
3428,91.4973
3429,92.91928
3431,95.838036
3435,89.874855
3436,90.29071
3439,94.69353
3441,96.55653
3442,91.4973
3443,92.191795
3444,96.48362
3445,87.77762
3446,94.66517
3449,88.40017
3453,89.54221
3457,91.5393
3460,97.47313
3461,95.83849
3462,89.13822
3464,92.40052
3465,87.58424
3466,89.53864
3467,91.17518
3468,93.177666
3469,93.26673
3470,89.98919
3472,90.004135
3473,92.73847
3475,92.86855
3476,93.2774
3478,90.27501
3479,91.625206
3483,90.326225
3484,90.370895
3485,91.30179
3487,90.782425
3488,93.018524
3496,92.44592
3497,93.32629
3499,91.73911
3500,94.23322
3501,89.42691
3504,92.36955
3508,88.133675
3511,90.84931
3512,90.775925
3515,87.42217
3517,87.03712
3518,92.3912
3526,96.89452
3528,104.52488
3529,95.71749
3530,97.182915
3531,87.90248
3532,93.801994
3533,89.837296
3534,90.319435
3535,87.68623
3536,90.16979
3537,93.17727
3538,90.39643
3539,95.053246
3540,96.21711
3545,93.25889
3546,90.06507
3550,94.09265
3551,90.45054
3553,90.73025
3554,97.47313
3557,90.33495
3558,93.36057
3559,88.40017
3561,90.41395
3562,90.09109
3563,92.16773
3564,94.35166
3565,87.77762
3567,93.32786
3571,94.35166
3572,91.84194
3574,92.46193
3576,89.91445
3577,96.62676
3578,89.42758
3579,91.880554
3583,94.667336
3585,92.43479
3586,97.327774
3587,91.823235
3593,91.71873
3594,97.61205
3595,90.616356
3599,87.00895
3600,93.18795
3601,90.004135
3602,88.40017
3604,91.90005
3609,93.70899
3610,95.21045
3612,93.37037
3614,91.33434
3615,89.79081
3617,87.953514
3618,93.33573
3619,95.404945
3620,92.97566
3621,89.8181
3625,93.129425
3626,92.71954
3630,96.81451
3631,94.2468
3632,90.93012
3633,90.19782
3634,93.227104
3637,90.2607
3639,90.3647
3640,92.933495
3641,90.56423
3644,89.07809
3645,90.1645
3646,89.37972
3647,90.8475
3648,91.63712
3653,91.78562
3654,88.482506
3655,93.3086
3659,91.69898
3660,93.31876
3662,92.37231
3666,91.17805
3668,93.34176
3671,91.822876
3673,90.236534
3674,92.60096
3675,88.22538
3681,91.38897
3682,91.82606
3686,90.28872
3687,93.9965
3692,87.76714
3695,93.38062
3696,91.50316
3699,91.54165
3705,91.08272
3707,90.9663
3708,89.59063
3709,91.827736
3710,91.90248
3712,92.27166
3715,90.12084
3716,91.873405
3720,91.557526
3722,90.9663
3726,90.35374
3728,92.46007
3729,92.913826
3731,92.49442
3735,95.3425
3736,88.37749
3739,96.58761
3741,93.985855
3743,95.86533
3744,90.555885
3745,91.01365
3746,93.56352
3751,89.2284
3753,91.46809
3760,92.60836
3761,91.13807
3762,92.65365
3763,90.78143
3765,88.48965
3768,89.61978
3769,91.237144
3770,88.69545
3773,96.06777
3774,90.878334
3776,91.56278
3778,92.05626
3779,93.04638
3780,90.7421
3781,90.44653
3782,92.292816
3783,90.96558
3784,89.47273
3786,91.23242
3789,91.723305
3790,90.73792
3793,92.6543
3795,91.79606
3797,94.059814
3798,92.484604
3800,91.26226
3804,90.89574
3810,89.8986
3815,90.95782
3816,90.89574
3818,93.28945
3824,90.90758
3828,94.974304
3830,93.83317
3831,94.86935
3832,89.4771
3834,92.4981
3835,90.27144
3836,91.295525
3838,91.96753
3839,92.197914
3840,94.131004
3845,88.58021
3846,92.594025
3847,87.82676
3849,88.578415
3853,95.77483
3855,89.026405
3856,90.85056
3864,97.66656
3865,91.73787
3866,94.17658
3867,89.23872
3868,91.26226
3869,92.275566
3871,91.97373
3875,95.75587
3876,93.94438
3878,92.23527
3879,92.39641
3881,91.26226
3883,91.87994
3884,90.52171
3886,91.52639
3890,91.06313
3893,95.83605
3897,93.94854
3901,92.509766
3902,91.18921
3913,89.029915
3914,90.95988
3916,91.32782
3917,91.99998
3924,88.173195
3925,90.21389
3928,90.158775
3929,93.097305
3932,93.634285
3933,94.724655
3934,93.30413
3935,88.749794
3936,91.10767
3937,91.70249
3938,88.52961
3939,90.23437
3943,90.90789
3944,89.924126
3945,90.18686
3946,91.34394
3947,93.2877
3948,90.31867
3949,91.44138
3950,91.35832
3951,93.25549
3952,89.058716
3953,90.19457
3961,91.73028
3962,91.89594
3966,92.4009
3967,92.96389
3968,91.922516
3969,93.62507
3970,91.59069
3971,88.22108
3973,90.578735
3974,91.767586
3975,93.29937
3977,87.84995
3979,98.85879
3985,92.47001
3986,92.025276
3988,91.15804
3991,92.021996
3992,92.30663
3993,97.70801
3994,87.912415
3995,93.07392
4005,94.897385
4007,89.56638
4008,95.60387
4009,87.98321
4010,90.73005
4011,92.0395
4012,93.26707
4013,87.37101
4015,90.59609
4016,92.36937
4018,91.706894
4025,91.592125
4026,89.58439
4028,90.579254
4029,89.62946
4031,95.31437
4032,90.41964
4033,90.71363
4034,90.19135
4037,90.44195
4038,93.262
4039,90.00327
4041,92.00019
4042,90.92613
4043,93.021576
4044,94.724655
4045,91.96214
4046,90.65215
4047,87.76097
4048,88.57654
4049,90.313644
4051,87.91129
4052,90.0348
4058,97.40131
4062,94.932304
4064,94.45594
4067,93.318375
4068,90.126686
4070,93.97359
4072,91.04015
4074,94.71162
4075,91.84521
4076,92.22466
4077,90.3762
4078,89.63865
4080,94.724655
4082,87.67321
4085,87.01014
4086,91.0425
4088,89.58439
4089,90.85516
4092,88.392494
4094,88.20295
4095,93.16006
4096,93.30007
4097,93.33895
4102,91.124535
4105,91.6895
4107,93.024254
4111,92.37141
4112,93.498344
4113,90.97843
4114,95.73258
4115,88.75378
4116,91.94216
4117,89.57255
4118,89.761604
4119,92.792
4120,88.26043
4122,89.329445
4125,91.397896
4126,93.179016
4129,91.743935
4134,90.48101
4137,91.84374
4141,87.77854
4142,90.41154
4144,91.387985
4145,88.173195
4146,93.574936
4150,89.48919
4151,87.56204
4154,93.318375
4156,88.039925
4157,94.881516
4159,92.36937
4160,87.52928
4161,92.15511
4168,89.3553
4171,91.971054
4172,91.24685
4173,91.552986
4175,89.67538
4176,94.724655
4177,91.387985
4178,94.10587
4179,95.02328
4181,91.04363
4183,89.62946
4184,87.61119
4185,90.3857
4186,93.01656
4188,95.00574
4190,93.64503
4192,87.42627
4193,96.97338
4194,90.19472
4195,91.4843
4196,88.50161
4202,89.773346
4203,92.3503
4208,90.21146
4209,98.36588
4210,87.47216
4211,91.71293
4212,91.40805
4214,90.232185
4215,89.336006
4216,90.76534
4217,87.006905
4219,90.27066
4222,91.70249
4224,91.06844
4231,91.44719
4232,89.62946
4234,88.1459
4236,91.387985
4237,94.31451
4240,89.99699
4242,91.99868
4243,90.19349
4247,89.36347
4248,93.41799
4249,99.00371
4254,95.19744
4263,89.61822
4265,93.50657
4267,102.03492
4268,92.89881
4271,93.03448
4272,89.89863
4273,90.28666
4274,90.04766
4276,93.04615
4278,89.769615
4280,89.96987
4281,92.00016
4283,87.6612
4284,93.26806
4285,92.5855
4286,89.87525
4287,93.32389
4288,94.65369
4289,88.048256
4290,93.12656
4293,90.47354
4296,92.20371
4297,89.67095
4299,88.29941
4303,92.60798
4310,91.404366
4312,90.17835
4318,94.36277
4320,91.068855
4322,87.23388
4323,92.487526
4325,93.27326
4326,90.14797
4328,93.242004
4330,90.25571
4332,96.315285
4333,93.233116
4335,92.04896
4336,98.95539
4338,87.349464
4341,90.41082
4342,93.435875
4344,97.49468
4347,91.13369
4348,93.727455
4351,93.24935
4352,90.10808
4353,90.29229
4355,93.02802
4356,87.09417
4359,92.72027
4360,93.45977
4361,89.80628
4364,91.652626
4365,93.23745
4368,91.063805
4372,89.66916
4374,92.840996
4376,90.35871
4377,93.72805
4380,89.58405
4383,91.38105
4384,89.874626
4385,92.375175
4389,88.29062
4391,91.92637
4392,90.07757
4393,89.92823
4395,90.78106
4396,90.11668
4398,95.31289
4399,93.911766
4401,89.67111
4406,91.76565
4408,90.24419
4412,93.727455
4415,95.797905
4418,90.32818
4419,92.840996
4420,87.19317
4422,90.028206
4423,92.840996
4425,95.207726
4428,90.34629
4431,90.800514
4434,88.833275
4436,89.69921
4437,93.34356
4439,91.20628
4440,90.212746
4441,93.24644
4444,94.22797
4445,90.28786
4446,89.71652
4447,92.60177
4452,93.33198
4456,95.547226
4457,87.79427
4458,93.10486
4460,87.09417
4461,91.33041
4462,87.652374
4465,92.2761
4466,90.342316
4468,90.0928
4469,93.30376
4472,91.172226
4475,92.59756
4478,90.88502
4479,93.27828
4480,91.34585
4483,95.174835
4484,89.74551
4485,90.45606
4486,91.68427
4488,90.09227
4489,93.43649
4490,89.47863
4491,97.446754
4492,90.19285
4493,93.56521
4494,92.00735
4495,95.652
4498,88.04447
4499,90.12397
4500,92.705826
4503,91.912315
4505,89.96682
4506,93.305336
4507,90.56282
4508,94.36277
4510,91.84321
4511,90.31807
4513,90.36398
4516,89.361015
4519,90.34781
4521,93.17513
4531,90.25739
4532,87.55635
4533,100.382416
4534,97.69306
4536,94.36277
4537,87.79427
4539,93.25299
4542,92.585304
4545,92.10476
4549,91.25805
4551,89.94491
4554,95.32075
4556,93.86759
4559,93.324066
4561,93.42819
4562,97.538795
4566,91.973
4569,90.79615
4570,90.11668
4573,90.18458
4574,90.06789
4575,92.51315
4577,91.43898
4578,91.79019
4580,91.007484
4582,88.79577
4583,90.028206
4585,91.94912
4587,94.36277
4595,90.48757
4596,93.38845
4601,90.31969
4602,102.57812
4603,89.617256
4605,95.55073
4606,91.11962
4607,94.851555
4608,89.96139
4610,91.51301
4613,93.34132
4617,93.727295
4618,93.8662
4619,88.76345
4620,90.33731
4622,93.98379
4625,87.09417
4626,94.36277
4627,89.42151
4629,92.17913
4631,89.42367
4633,94.36277
4634,92.747826
4635,92.87387
4639,90.22024
4640,93.12168
4642,91.3985
4644,90.55286
4646,94.36277
4647,89.8756
4648,89.694214
4649,90.446465
4650,95.42754
4655,91.25805
4660,89.62063
4661,91.107346
4662,92.3244
4663,93.48937
4665,90.61237
4666,93.37082
4667,91.449646
4668,90.32444
4670,88.345024
4671,92.30485
4672,91.260506
4673,91.95069
4675,90.394585
4676,93.55383
4677,102.11896
4680,92.48733
4682,90.1229
4683,90.65202
4685,93.727455
4686,92.12988
4688,89.99479
4690,88.696724
4692,90.75715
4693,92.08691
4697,91.15871
4700,91.75999
4702,91.485344
4707,93.24427
4708,86.990746
4710,95.22544
4716,94.53684
4717,94.43116
4718,89.75286
4720,90.05413
4721,90.3528
4723,89.64953
4726,90.264275
4727,90.284935
4729,90.85093
4731,89.95379
4732,93.28149
4735,93.494865
4736,95.12263
4737,89.480995
4738,90.17295
4739,92.974884
4744,90.26447
4747,91.34674
4749,90.32161
4750,86.990746
4752,89.900185
4755,91.58416
4756,93.21558
4757,91.9066
4758,90.14771
4759,93.37629
4763,92.504875
4764,93.401306
4765,92.32078
4766,90.537895
4767,90.430954
4769,95.3543
4770,91.493614
4771,91.033134
4772,94.303345
4774,90.16731
4776,89.74055
4777,94.484985
4778,93.1657
4780,88.004585
4784,89.53216
4786,93.21659
4787,87.48268
4788,90.80799
4789,89.900185
4791,92.948814
4792,86.908875
4795,94.49375
4796,87.8136
4803,91.65083
4805,89.984024
4807,90.213875
4809,90.15978
4816,90.35112
4817,90.44894
4818,89.671394
4820,89.83631
4821,95.218
4823,91.88252
4824,87.16775
4825,93.3766
4829,94.19786
4830,89.74813
4831,93.918785
4833,90.0799
4836,90.02163
4837,89.99479
4838,92.18196
4840,89.93981
4841,90.34429
4842,93.46617
4843,92.578255
4844,93.09048
4849,93.21781
4851,88.2463
4852,90.52621
4858,95.28404
4860,89.74813
4863,93.41944
4864,89.66094
4865,92.83369
4867,91.34208
4868,87.838615
4869,93.059105
4873,92.39688
4875,91.295555
4876,90.844505
4877,94.06408
4878,93.45313
4880,87.55429
4886,92.09586
4888,90.265205
4889,90.263756
4890,93.23649
4893,93.218346
4895,94.114845
4896,94.10226
4899,87.88015
4901,93.46364
4902,93.16357
4903,90.89123
4904,89.900185
4910,87.96578
4912,88.06158
4915,90.564926
4916,93.78143
4917,92.97757
4920,94.303345
4927,91.836334
4928,89.585526
4931,91.88575
4934,92.229515
4936,90.68241
4939,94.22464
4942,92.6389
4943,89.89155
4944,93.47641
4945,94.37292
4947,93.441284
4948,90.962395
4951,90.05855
4952,89.900185
4953,88.81315
4956,90.89123
4957,93.272026
4958,92.025505
4960,91.983345
4968,92.3595
4969,92.68504
4971,97.71929
4973,90.260086
4975,88.35538
4976,90.644936
4978,91.93482
4979,91.16804
4982,87.43143
4983,93.13685
4984,97.60381
4985,91.19155
4986,93.52507
4987,91.700935
4988,94.17945
4994,88.02564
4995,89.68622
5002,90.21822
5004,89.81524
5005,92.68214
5006,91.37385
5007,91.67687
5009,92.998116
5011,90.260086
5014,92.90374
5015,92.16307
5018,92.35656
5019,94.51615
5020,94.46067
5021,91.72866
5022,87.00199
5023,97.88566
5025,91.94215
5032,91.388214
5034,87.843956
5036,90.067795
5038,89.61634
5039,89.87669
5046,90.18812
5049,94.51615
5051,90.813
5052,96.91039
5053,90.16731
5054,89.85444
5055,90.840225
5057,87.705956
5059,93.21587
5062,90.848915
5063,95.56918
5065,91.128555
5069,90.31115
5071,92.848335
5074,90.24129
5075,91.52212
5076,98.1137
5077,90.10874
5079,92.46863
5080,95.38273
5081,90.07522
5083,94.47381
5088,93.0839
5089,95.34127
5093,95.583565
5094,90.20677
5095,99.39131
5099,92.192604
5101,90.04533
5103,98.127266
5104,95.17893
5105,94.645485
5107,95.07885
5108,90.75454
5109,95.22778
5111,95.52393
5112,92.67286
5113,92.36731
5114,92.23493
5115,87.58521
5118,96.599686
5122,89.9333
5123,92.17339
5125,91.52906
5127,91.46246
5128,90.35827
5129,89.69822
5132,91.43035
5134,88.21567
5135,90.359825
5137,94.584404
5142,91.040596
5143,95.16122
5144,88.67783
5148,91.38589
5149,89.28612
5150,88.24852
5154,87.5772
5155,90.1674
5159,91.36913
5164,92.26894
5165,93.62577
5166,95.80483
5167,87.313
5169,93.36875
5171,89.43043
5172,91.83244
5176,90.16799
5184,94.10812
5185,91.42889
5186,90.43384
5188,87.70585
5189,91.77738
5190,87.42036
5191,93.62577
5193,91.777
5196,91.00582
5199,90.98965
5200,95.41831
5203,93.742485
5204,90.17884
5205,90.966415
5207,91.89126
5208,92.49781
5212,93.270615
5214,96.38209
5218,95.29714
5220,87.20211
5222,93.8356
5224,92.46453
5225,94.34795
5227,89.990715
5229,95.14373
5232,91.20771
5233,91.183525
5234,87.97286
5237,90.08257
5239,94.96232
5240,88.663704
5241,94.55596
5244,91.94625
5248,95.49853
5251,90.99535
5253,87.065544
5255,96.384254
5256,93.48814
5257,89.0254
5259,91.9825
5260,96.57116
5266,91.91771
5268,94.690575
5275,90.152725
5276,97.60627
5277,91.77845
5279,96.29965
5280,95.17501
5281,89.44807
5283,92.86294
5284,90.956566
5285,89.79084
5286,95.18053
5287,89.873566
5289,90.00274
5290,91.777
5292,90.39185
5293,92.75942
5294,94.50048
5297,87.22955
5299,92.36384
5302,90.58131
5305,90.286736
5306,96.38092
5308,91.572426
5309,87.50567
5310,97.85806
5312,90.18454
5316,91.98217
5317,95.00028
5319,92.11087
5320,91.97709
5323,95.61354
5329,90.0407
5331,91.618904
5334,102.34695
5336,90.11265
5338,93.55746
5341,93.682335
5345,90.66369
5348,95.23928
5349,90.277596
5355,88.34233
5356,92.395454
5360,93.424736
5362,95.71435
5364,90.69674
5366,89.48629
5367,91.34635
5368,90.7089
5370,91.7461
5371,87.1529
5373,91.95171
5375,90.08257
5376,93.67518
5378,91.28928
5379,93.607414
5383,94.78011
5384,89.99199
5389,95.48797
5391,87.641174
5393,96.39724
5395,95.542496
5397,93.34059
5398,89.61321
5399,92.08869
5401,93.380394
5402,91.76362
5403,92.302086
5404,88.621704
5407,88.56437
5408,91.59902
5413,93.8185
5414,93.63863
5417,93.052574
5418,90.39185
5420,91.41535
5421,92.227715
5424,94.83431
5425,90.17884
5426,91.15394
5429,94.65297
5431,96.35938
5437,93.55485
5440,96.192635
5444,92.11951
5446,97.84869
5447,90.89443
5451,90.06646
5452,91.490135
5455,87.97286
5456,88.230675
5458,88.34353
5459,89.72254
5460,90.24618
5462,92.10931
5463,91.83604
5464,87.885796
5465,92.45363
5466,91.27117
5467,90.23111
5468,92.71693
5469,93.46868
5472,89.50337
5474,93.40923
5475,99.425255
5476,91.12768
5479,97.25809
5480,90.09791
5482,94.10532
5485,91.58475
5486,92.09155
5488,88.97905
5495,95.14373
5496,97.74585
5497,92.437645
5499,93.33347
5503,92.57029
5504,92.00027
5507,91.62664
5509,92.70388
5511,90.336815
5512,95.86498
5516,91.40518
5517,90.71299
5518,90.9755
5521,87.552765
5522,94.45935
5527,90.978355
5528,88.20167
5529,93.07438
5532,94.846085
5533,87.02085
5535,92.49541
5536,94.78707
5540,89.75598
5547,89.52208
5548,96.99351
5550,87.78855
5551,89.45403
5554,92.868675
5555,94.54006
5559,94.01426
5560,87.65687
5561,92.81701
5562,94.04229
5563,91.58376
5565,90.12214
5566,89.37772
5567,90.0988
5568,90.80564
5572,90.038055
5574,96.67295
5576,92.653656
5579,93.186134
5580,90.634254
5581,89.48517
5583,88.62105
5584,95.527916
5586,93.21602
5587,89.67693
5589,95.107666
5591,97.49685
5592,92.0771
5593,88.82759
5594,90.320625
5595,95.29746
5596,89.882484
5597,92.63037
5598,90.06887
5599,94.33386
5602,92.83537
5603,90.320625
5605,89.569275
5607,88.04298
5608,89.951836
5609,93.66054
5610,88.58706
5612,89.44892
5613,91.5781
5614,87.89086
5616,91.84559
5621,89.326805
5623,99.51212
5628,92.21682
5629,89.43957
5631,99.40824
5633,87.67899
5638,92.303635
5639,96.855415
5640,87.940186
5645,92.383766
5646,90.38343
5649,94.47536
5653,89.82393
5655,94.51212
5656,89.68701
5658,87.582695
5662,94.23638
5663,90.364555
5667,92.276665
5670,94.33386
5671,92.49204
5672,93.19638
5673,93.489845
5674,92.873726
5675,89.74176
5676,90.032875
5679,89.809975
5683,92.15104
5687,90.99267
5688,88.23113
5690,95.4196
5691,92.77868
5692,90.347374
5693,100.06849
5694,89.43227
5697,92.980675
5698,88.93842
5699,91.61027
5704,90.69003
5707,89.809975
5709,92.76755
5710,93.274086
5714,90.3231
5718,94.119774
5721,88.78867
5723,89.50689
5724,91.00506
5725,86.87389
5726,95.32155
5729,89.42155
5730,90.98063
5731,90.390915
5733,88.3919
5736,93.28087
5741,89.54659
5745,97.00106
5747,92.826324
5748,93.305
5750,91.93408
5751,92.30348
5752,88.071
5754,89.55664
5755,89.6804
5757,89.42199
5758,91.58175
5760,94.42265
5762,93.437645
5766,92.0257
5768,89.74867
5769,90.976524
5770,90.35653
5771,91.77245
5772,89.64112
5773,94.963295
5774,90.5052
5776,89.47874
5777,91.61027
5778,90.946625
5780,89.74593
5782,89.738594
5783,90.048965
5784,89.596565
5786,90.53401
5788,89.288445
5789,90.10189
5790,91.94688
5791,95.056725
5793,87.11228
5794,90.988686
5796,90.90731
5797,92.76655
5801,94.80327
5803,90.99267
5804,95.420555
5805,90.02412
5806,87.43068
5808,94.44037
5813,90.68694
5815,87.60727
5816,94.58195
5822,87.04259
5823,91.738625
5825,90.28456
5827,93.405235
5829,96.66497
5830,93.41294
5831,89.43816
5832,87.437454
5833,94.44037
5837,91.70161
5838,90.18795
5839,91.39712
5842,87.940186
5844,92.69322
5845,90.28279
5846,94.04221
5848,87.45428
5850,94.33709
5851,90.05982
5853,89.74867
5854,91.74325
5858,87.940186
5860,93.22053
5864,95.14468
5866,91.1038
5867,89.809975
5868,89.650375
5869,92.92939
5870,88.36875
5871,89.67635
5874,93.4016
5876,94.434715
5877,89.3143
5878,89.49764
5879,94.462456
5880,93.341805
5884,94.33271
5886,89.90754
5890,93.48738
5896,94.44991
5897,93.09965
5898,89.74867
5901,93.47825
5903,90.00311
5906,88.58706
5908,89.89311
5909,88.54902
5910,91.5781
5911,90.76795
5912,90.432076
5914,93.4016
5919,90.09564
5924,87.17249
5926,90.46218
5929,90.18316
5930,93.38047
5932,89.83284
5933,93.02467
5934,91.233116
5935,91.97034
5936,91.39271
5937,91.70054
5938,91.0241
5939,91.99051
5942,93.82932
5943,92.1016
5944,87.86708
5946,91.28517
5951,91.1296
5953,92.65852
5954,92.764015
5957,92.921
5961,95.6179
5962,87.43915
5964,92.307976
5965,90.74731
5968,93.62577
5969,93.37731
5974,88.01856
5975,91.72756
5978,90.412224
5981,91.1568
5982,87.508095
5983,91.48202
5989,93.56634
5991,90.65089
5992,90.05961
5995,93.67673
5996,92.409386
5997,95.7334
5998,87.992386
5999,91.260056
6001,95.411224
6002,95.94959
6003,92.770744
6004,92.764015
6006,90.811745
6007,91.32734
6011,92.43983
6012,93.3252
6014,90.9986
6015,92.48754
6016,90.50695
6017,93.195244
6018,89.98757
6024,90.16924
6025,93.09577
6026,90.61184
6028,92.48089
6029,89.656815
6030,91.823555
6036,93.62577
6040,90.17571
6041,90.324425
6042,88.10948
6044,90.11766
6045,95.14373
6047,93.57167
6048,93.40773
6049,89.529724
6051,91.51052
6052,91.063484
6053,89.76452
6054,93.01913
6058,90.84633
6059,93.089714
6062,91.97709
6063,91.6668
6064,92.55058
6065,90.17571
6067,90.754326
6068,90.12334
6070,92.50966
6071,96.91429
6072,90.17884
6080,90.17884
6081,93.47625
6084,88.1863
6087,90.14716
6089,91.71647
6092,90.17884
6094,89.71242
6095,90.06986
6097,91.02517
6100,91.50735
6104,93.27045
6105,89.51632
6106,94.368256
6107,90.89045
6108,94.32017
6109,90.17884
6110,90.72448
6114,90.17884
6116,90.22434
6117,93.272316
6118,91.17974
6123,87.14232
6125,90.27693
6128,94.92699
6130,92.5173
6132,92.40418
6137,90.43651
6139,93.26069
6140,88.621704
6141,89.68046
6142,93.50329
6144,95.42817
6145,94.310776
6146,95.227974
6149,91.434685
6156,93.676285
6159,90.606224
6160,88.621704
6162,91.52106
6164,92.32622
6165,91.35367
6168,87.981895
6169,94.53358
6170,89.66425
6171,93.03976
6172,91.2795
6173,96.95968
6176,89.59455
6177,92.023674
6178,93.09751
6180,90.46883
6181,95.17501
6182,92.27381
6185,90.53503
6186,93.224556
6188,94.6787
6189,91.03632
6192,88.1863
6193,90.133385
6194,95.14373
6195,88.68835
6196,90.664665
6197,92.38549
6201,92.875374
6202,88.58556
6203,90.09853
6204,89.516014
6207,91.569756
6209,87.58102
6210,93.12406
6211,91.927864
6213,92.98466
6216,91.970764
6217,89.85206
6219,89.7055
6222,88.57742
6223,92.06716
6235,91.62664
6240,93.359474
6242,91.12614
6247,93.12006
6251,90.72064
6254,92.77456
6255,89.355644
6260,96.570076
6261,90.9944
6262,93.17118
6264,93.010735
6269,95.4665
6271,88.479195
6275,92.8375
6276,87.85578
6278,93.75933
6279,97.18452
6281,92.173546
6284,93.74555
6286,88.334366
6287,90.18202
6288,90.86291
6292,88.356346
6293,89.64456
6295,94.67199
6298,91.28928
6300,92.7084
6304,97.262405
6308,92.43247
6310,89.82662
6312,90.17884
6320,90.594795
6324,92.29716
6325,93.26011
6330,94.92993
6336,93.05843
6340,88.215096
6341,91.62664
6342,93.606865
6344,91.16674
6345,88.50316
6347,97.176704
6348,90.517494
6349,91.28928
6351,87.567314
6353,102.09978
6354,89.71191
6357,87.27711
6358,93.90997
6360,100.13473
6363,92.423836
6364,90.29689
6368,96.93417
6370,90.179184
6371,89.67096
6377,90.18293
6379,97.79894
6381,89.31196
6382,87.52077
6383,97.12708
6388,94.79131
6390,95.0948
6392,96.76185
6393,92.442726
6395,91.60876
6398,93.783195
6401,87.59335
6402,87.41066
6403,92.715614
6405,90.532585
6406,89.3596
6407,91.775116
6409,94.58774
6411,88.504974
6413,89.81548
6416,91.83304
6417,95.39835
6418,87.93057
6419,91.49706
6420,92.35689
6426,93.87683
6429,95.26832
6430,90.10024
6431,92.715614
6432,87.531906
6434,93.57874
6437,94.63969
6438,93.47167
6439,92.8729
6440,90.05935
6441,87.555336
6442,90.105804
6443,93.93397
6445,92.97314
6448,90.04168
6450,92.613434
6453,89.901924
6455,92.72262
6457,88.762184
6458,91.02321
6461,90.05253
6464,90.18993
6467,95.5651
6469,92.29265
6470,89.45522
6471,88.55458
6473,92.370804
6474,90.11858
6479,90.05401
6481,91.05329
6484,95.08065
6495,90.65152
6496,96.79789
6505,91.2237
6506,93.008965
6508,89.54842
6509,90.508934
6510,97.20711
6512,92.38375
6513,90.87328
6514,93.80366
6515,89.585945
6519,89.50436
6521,93.39236
6523,87.972496
6525,88.10443
6526,96.55421
6528,90.57493
6529,90.801254
6531,92.97959
6533,88.18154
6534,90.8963
6535,91.448814
6536,91.21036
6537,94.994545
6540,87.50921
6541,97.12708
6547,93.78278
6548,89.43806
6551,92.993065
6553,94.23142
6555,88.11958
6556,91.56115
6561,87.736664
6564,90.02238
6565,91.448814
6568,94.98725
6569,90.105804
6573,87.97961
6574,89.36343
6577,93.092064
6579,92.37026
6581,93.2631
6582,90.87936
6585,92.6599
6586,90.18084
6589,94.84226
6590,88.60793
6593,97.53209
6594,93.15702
6595,87.56387
6599,97.48254
6600,89.603035
6601,91.1536
6602,90.254524
6603,90.04168
6604,89.60804
6607,91.924736
6608,98.8056
6609,91.544
6611,95.19028
6613,90.105804
6614,92.172455
6616,90.23051
6617,90.105804
6618,92.724144
6619,90.614296
6621,88.11958
6627,87.983635
6629,93.48806
6631,87.15876
6634,89.702324
6636,89.148705
6638,94.98725
6639,90.105804
6641,91.902626
6642,87.681435
6651,89.70131
6654,90.47964
6657,93.20184
6663,92.299675
6665,90.78513
6666,92.255585
6668,90.86682
6669,87.34632
6670,97.59942
6671,90.70701
6673,91.98853
6675,87.93541
6676,87.5109
6677,89.97027
6679,90.21749
6680,93.17749
6681,97.20711
6685,95.117744
6688,92.1224
6689,87.5646
6690,92.14038
6692,90.105804
6693,87.82986
6694,91.85272
6698,91.57189
6699,90.98579
6700,92.60767
6701,88.762184
6702,94.679016
6704,87.5646
6707,94.784294
6712,90.296646
6713,88.830986
6715,93.86031
6721,93.31657
6722,89.63708
6723,93.03932
6724,91.011375
6725,93.3317
6731,92.269585
6735,92.99622
6736,93.66067
6737,89.943695
6738,91.61955
6739,89.929375
6741,94.78863
6743,88.55243
6745,90.86682
6747,92.522865
6749,90.3861
6750,91.98252
6751,91.56477
6752,98.258766
6753,90.105804
6755,95.38088
6756,95.90403
6757,91.35035
6759,92.6618
6761,90.11369
6763,88.55458
6764,91.16938
6765,91.441826
6766,92.309395
6768,90.74386
6771,87.5646
6773,88.6854
6774,97.57661
6778,95.36831
6779,91.37295
6781,96.62764
6784,92.90812
6786,87.511345
6787,93.02421
6790,89.793304
6793,88.508095
6795,89.80089
6798,90.236626
6806,89.350395
6807,97.320114
6810,88.18639
6815,92.838455
6816,87.76368
6817,89.41389
6818,90.50269
6819,93.2562
6820,91.67266
6822,94.060295
6823,91.11915
6824,94.40883
6825,91.2125
6828,87.34467
6829,94.23197
6831,91.49056
6832,89.22441
6833,92.8682
6834,88.2873
6836,94.772095
6837,89.98538
6838,88.0803
6840,91.24582
6843,90.588844
6845,93.16181
6846,92.62113
6847,93.375305
6851,89.815384
6852,88.33387
6853,91.20312
6858,93.28272
6861,89.878
6863,90.929565
6864,88.273895
6865,91.314354
6866,89.72855
6867,90.97437
6868,91.71758
6869,90.34237
6870,94.40883
6874,95.451965
6875,87.72676
6877,92.64377
6878,87.807274
6880,90.73929
6883,91.40793
6884,90.60609
6886,89.26999
6890,94.50707
6893,91.23918
6894,89.15755
6899,92.64377
6900,91.70862
6904,88.43008
6905,96.03759
6906,90.478035
6910,94.33477
6912,91.863365
6913,91.07787
6920,93.64335
6922,87.140625
6923,89.80089
6926,94.46383
6927,91.22904
6928,92.56698
6931,92.03382
6933,89.94058
6936,93.348495
6937,89.88596
6939,91.83861
6941,89.87261
6942,91.93561
6943,95.10798
6944,95.829475
6945,89.58332
6946,91.829994
6947,94.50774
6949,93.38706
6951,93.24656
6953,95.46848
6954,90.02442
6955,95.1686
6963,92.427185
6964,90.30056
6966,92.13387
6968,90.884926
6970,95.05969
6972,99.247826
6976,93.18042
6978,89.72855
6981,91.83543
6985,95.21924
6986,89.94836
6987,93.77009
6989,89.66862
6991,91.11915
6993,93.38922
6994,87.77258
6995,92.86475
6996,87.2458
6997,93.31193
6998,93.720795
7001,90.086845
7003,96.16282
7006,89.053
7008,99.43238
7010,90.77636
7011,93.40218
7012,91.91032
7013,90.54574
7014,95.355064
7017,97.295235
7018,90.28373
7019,93.16877
7023,92.13508
7024,89.89473
7025,89.30447
7026,91.17736
7027,89.902885
7028,95.86446
7030,89.80089
7031,93.03992
7033,89.96145
7036,95.299385
7037,88.565285
7039,86.76699
7044,89.86921
7045,89.98538
7046,92.84317
7049,91.77894
7050,87.58997
7051,95.05969
7054,91.80681
7055,89.88851
7057,92.23356
7060,92.64377
7061,89.65236
7063,91.89506
7064,91.689224
7067,90.73929
7071,94.50848
7074,92.640434
7075,91.38653
7078,89.98538
7079,87.27645
7080,91.74819
7081,95.01933
7082,89.894875
7083,91.09175
7085,99.479614
7092,93.24198
7094,94.68414
7100,88.83544
7101,98.63346
7102,89.72855
7104,98.73293
7105,89.65236
7106,92.40438
7107,92.1885
7108,90.88625
7109,90.127945
7110,89.88596
7112,95.17721
7113,97.008415
7114,93.37296
7116,89.66038
7117,93.39617
7118,95.38865
7120,90.57502
7121,92.450096
7123,93.73426
7124,91.23256
7127,91.684364
7131,93.72317
7132,90.50269
7133,95.39738
7134,92.42367
7135,87.5614
7136,98.836784
7137,93.300095
7141,88.14872
7144,94.38746
7147,95.09988
7148,92.134056
7150,88.17928
7151,90.57502
7152,95.51998
7154,89.67236
7156,87.530846
7157,95.878235
7159,91.36019
7161,93.5471
7163,93.27102
7164,91.79162
7167,88.727936
7169,94.61612
7170,90.64388
7173,89.46123
7174,95.3219
7177,95.35923
7178,94.583046
7179,93.22599
7180,90.16898
7181,94.4278
7182,87.014854
7184,90.600075
7185,94.457664
7186,91.687096
7187,88.994774
7188,89.15018
7189,95.10177
7191,92.31127
7193,90.369606
7197,87.95001
7199,94.47364
7200,89.894875
7201,87.5614
7204,91.72731
7207,91.17988
7209,90.929565
7210,86.725525
7211,90.93785
7213,87.82426
7214,93.31193
7216,93.29688
7217,87.59069
7220,95.15417
7224,89.80089
7225,86.81588
7226,93.29688
7227,91.129585
7234,94.457664
7236,90.21944
7239,95.35927
7240,89.30068
7242,91.302376
7244,92.72521
7245,93.49752
7247,90.855515
7248,90.407455
7249,90.870476
7250,98.937935
7251,89.3107
7252,93.26209
7253,88.22529
7256,89.15293
7260,88.23249
7261,96.7833
7264,95.61384
7269,90.2362
7270,92.07653
7273,94.83005
7279,92.40229
7281,96.914085
7284,87.4777
7285,92.38509
7286,90.74206
7287,91.91898
7289,90.56353
7292,90.80415
7293,89.765915
7296,94.64179
7297,93.060555
7298,88.33542
7299,92.9782
7301,92.386986
7304,93.8301
7306,92.33196
7308,90.56353
7309,89.21943
7312,90.82867
7313,88.22529
7314,87.92518
7316,91.235435
7319,92.77536
7321,93.62107
7323,90.012566
7324,92.389534
7325,89.5917
7328,90.81327
7330,89.29357
7334,89.589775
7337,94.41581
7338,93.35545
7339,87.972755
7341,90.97251
7342,94.39852
7344,90.71698
7345,92.28918
7347,90.314415
7349,96.914085
7350,89.692085
7353,87.73057
7355,93.25483
7356,94.71003
7357,92.93243
7358,92.06669
7360,91.5955
7363,89.71107
7364,89.94663
7366,92.0881
7368,90.22654
7369,92.52764
7370,88.52636
7373,87.42144
7374,91.561615
7375,92.86303
7377,89.93768
7379,93.7781
7380,93.33977
7382,91.687386
7383,88.237045
7385,93.44981
7386,92.20762
7391,90.27563
7394,91.7561
7396,98.937935
7397,90.32536
7399,89.9362
7400,92.09381
7403,89.287254
7405,94.14704
7408,93.26837
7414,90.86825
7416,88.67495
7417,92.2831
7419,91.539955
7420,97.86627
7421,92.90783
7422,91.20816
7423,88.39088
7425,89.275955
7430,87.66247
7432,92.715454
7433,95.56945
7434,98.71224
7436,91.01819
7437,90.256226
7438,93.045815
7440,87.26382
7441,92.7118
7442,94.84403
7445,90.12082
7446,88.06131
7448,94.946045
7450,87.20922
7451,90.65615
7454,88.201546
7455,95.353645
7457,93.22221
7459,88.02923
7462,89.985085
7464,90.65615
7465,91.86588
7466,90.24981
7467,96.642586
7469,87.52932
7472,87.716255
7473,89.73869
7479,89.589775
7480,94.49004
7484,90.97887
7491,90.160675
7494,90.97827
7495,92.937874
7501,87.86022
7503,86.72098
7504,96.97872
7505,89.304665
7508,89.99973
7509,90.93394
7510,88.22529
7511,90.87719
7515,94.26087
7516,91.07365
7517,96.144745
7518,90.291336
7519,90.14504
7521,92.71681
7522,91.05111
7524,86.758835
7526,93.20193
7527,87.46751
7528,92.93644
7529,91.32184
7534,93.17777
7537,90.18754
7538,90.26713
7540,98.50451
7541,91.82534
7545,96.90325
7551,89.76617
7553,90.4307
7554,92.0115
7555,96.15963
7561,89.969536
7562,91.049675
7564,95.58163
7565,87.25598
7566,94.0944
7567,98.03922
7569,94.01354
7570,88.02846
7571,89.44549
7572,92.86941
7574,93.320946
7578,92.85417
7579,90.072334
7586,92.26081
7587,95.07192
7590,89.6227
7593,89.73869
7594,93.58551
7595,94.0944
7600,93.63778
7601,88.53196
7602,87.53957
7603,94.59162
7604,92.95547
7606,94.71104
7608,92.57717
7613,87.213264
7615,90.935104
7616,91.059784
7617,92.86712
7618,87.46751
7619,95.045555
7622,93.55685
7623,91.55761
7624,92.81783
7625,89.404396
7626,90.3961
7627,91.25824
7628,90.12374
7631,97.42385
7632,95.01986
7633,89.74898
7634,92.6628
7635,88.47776
7636,93.259605
7637,93.259605
7639,90.680595
7640,88.00097
7644,89.831566
7645,87.59905
7648,94.54813
7649,96.137856
7650,94.39042
7652,91.86588
7653,90.849045
7655,89.97459
7659,95.341545
7662,92.90081
7664,87.49893
7666,89.91021
7668,94.804985
7669,92.312836
7670,87.66596
7672,92.785774
7673,91.72321
7678,91.61562
7679,88.996086
7680,87.85862
7683,91.78838
7685,90.74206
7688,90.21548
7690,94.189285
7692,94.237465
7693,90.309715
7695,94.41581
7696,95.36064
7698,89.73248
7699,94.07268
7702,90.886696
7703,93.24455
7704,96.12972
7707,90.87719
7713,87.57796
7715,91.761604
7717,99.647804
7718,87.7183
7719,95.65865
7721,92.06169
7722,91.204
7725,91.51757
7727,99.66218
7730,92.194115
7733,88.3966
7735,96.79602
7740,93.45379
7741,92.85825
7742,89.392525
7744,87.53556
7747,94.977036
7750,87.48603
7752,95.7508
7754,94.711784
7756,90.45883
7757,96.15472
7758,93.624855
7760,88.07658
7761,90.7647
7763,89.70787
7765,91.11315
7767,93.46885
7768,89.23937
7771,90.31461
7773,88.24651
7774,90.67744
7776,86.9822
7779,95.607994
7783,97.49225
7786,90.586105
7787,92.30583
7789,95.422005
7791,89.257416
7793,95.84739
7794,92.75382
7795,93.40164
7799,88.38843
7800,90.34943
7802,96.17548
7805,89.330635
7807,94.10796
7808,95.543785
7811,93.54229
7817,91.24824
7818,95.07772
7819,90.82988
7822,91.15383
7823,93.23329
7825,95.450615
7828,94.24246
7832,88.44992
7833,92.060135
7834,89.85383
7835,90.55535
7837,93.05796
7840,97.084755
7842,91.85526
7843,91.78646
7844,92.51822
7846,90.7647
7850,93.033134
7853,91.80541
7855,94.04827
7858,92.55887
7863,90.075455
7865,90.177864
7866,93.98456
7868,93.72213
7869,92.19019
7871,88.90777
7872,88.24227
7874,94.0809
7877,96.74101
7878,87.8387
7879,98.92143
7881,89.518036
7883,89.440865
7885,87.71419
7886,90.681496
7889,89.310936
7890,90.249565
7891,89.4691
7893,88.19461
7894,93.788185
7896,94.46604
7898,98.920494
7901,94.76661
7902,90.53771
7904,87.13709
7905,89.62357
7906,93.4407
7909,90.75993
7910,91.74132
7913,95.15608
7918,90.337
7919,87.72639
7923,91.28382
7925,90.73531
7927,92.58204
7930,97.83628
7932,87.962166
7933,90.598366
7935,90.54075
7939,90.00388
7942,89.60875
7943,91.2662
7945,88.88541
7946,90.4875
7948,93.58219
7949,89.987526
7950,90.22704
7951,93.46885
7955,94.343124
7959,90.07377
7960,93.45379
7961,92.067825
7962,90.12884
7964,92.78013
7965,91.161
7966,90.08509
7967,93.42692
7968,91.39471
7971,90.827965
7974,87.72639
7976,93.40049
7978,93.17116
7982,93.45379
7983,92.655975
7984,93.41314
7986,88.56835
7989,89.987526
7991,90.53771
7992,94.56835
7993,92.40603
7994,89.90453
7995,88.44992
7997,90.23058
7998,93.41314
7999,91.24824
8002,89.50866
8007,87.78996
8009,92.04878
8011,87.85636
8013,96.881935
8015,97.24355
8017,90.14689
8019,90.98557
8023,93.24962
8024,94.56431
8026,92.88203
8027,88.89148
8029,93.32398
8030,95.144966
8031,87.80604
8033,98.413506
8035,92.01432
8036,89.47973
8039,90.321754
8042,91.993324
8044,89.2279
8046,89.08065
8048,96.5744
8049,89.62357
8050,94.3339
8053,98.55401
8054,87.3705
8059,89.51117
8061,88.42791
8062,94.27285
8064,92.71054
8066,90.43564
8067,91.390045
8068,88.28393
8070,91.21525
8071,89.87069
8072,95.83678
8076,92.208855
8080,88.00025
8081,97.30698
8084,99.51745
8087,92.62028
8089,91.71716
8090,91.00062
8091,97.31704
8094,92.307045
8100,91.40489
8101,89.4813
8110,87.11172
8111,90.53771
8112,96.23954
8115,92.3664
8116,89.69492
8118,92.71054
8121,91.388466
8125,92.95312
8127,89.77465
8128,92.93087
8129,93.17778
8131,87.6451
8138,86.84022
8139,92.3792
8140,90.052635
8141,88.24651
8142,92.76208
8143,91.080894
8145,92.88203
8146,92.21166
8148,91.06501
8153,90.10894
8154,91.22463
8155,92.380806
8161,88.19215
8162,98.055534
8163,91.10244
8166,94.115746
8168,92.62284
8170,95.00239
8172,92.07757
8173,89.523964
8176,93.463715
8179,94.7019
8181,93.44257
8182,92.7502
8184,97.6874
8190,89.90822
8191,93.25207
8194,93.4898
8196,99.895004
8198,89.30062
8199,92.84295
8201,99.72326
8202,90.46019
8207,92.040276
8208,93.36733
8211,92.906204
8214,95.184166
8217,93.8516
8218,88.36448
8222,89.489174
8229,90.55916
8231,88.91027
8233,91.0526
8236,92.967964
8238,95.204216
8240,94.19406
8243,89.08662
8246,95.93124
8250,90.902664
8254,92.066414
8256,89.24062
8257,93.08999
8258,94.29917
8260,91.494865
8261,91.11063
8263,93.813576
8264,87.65844
8267,98.55895
8268,92.68412
8271,94.12475
8272,93.36733
8275,91.66306
8276,96.22073
8277,96.0641
8278,92.47385
8279,92.70397
8280,94.05924
8281,89.41398
8282,93.09421
8287,99.94381
8288,88.67956
8289,95.23395
8294,88.41392
8296,88.51017
8299,93.88636
8302,95.141624
8308,93.967155
8314,92.417885
8315,92.19356
8316,92.76475
8317,88.787926
8319,90.696754
8320,91.064476
8321,92.25707
8323,87.60639
8325,88.723946
8326,96.200584
8328,91.37887
8330,90.63501
8331,88.66345
8332,99.34126
8334,88.37457
8338,95.44095
8339,89.46075
8341,88.92588
8345,92.10668
8346,92.51041
8347,95.715324
8349,93.92626
8351,89.02505
8352,94.04239
8353,91.37887
8355,92.103966
8358,92.05634
8359,88.744705
8360,90.546104
8361,92.424065
8363,92.63698
8364,90.27237
8365,91.40254
8366,97.773964
8370,92.19921
8372,89.8287
8376,90.81544
8377,91.3733
8379,93.02089
8380,92.67149
8381,94.07425
8386,91.95981
8388,93.89759
8389,92.22668
8391,96.41894
8394,92.066414
8396,90.77116
8398,88.253876
8400,96.84172
8401,88.437614
8404,88.92588
8407,91.850716
8408,97.69379
8409,90.93115
8410,93.64587
8411,91.93088
8413,92.267426
8414,99.746605
8416,90.49214
